Distance (µm),Mg Ox%,Si Ox%,Ca Ox%,Mn Ox%,Fe Ox%,Ni Ox%,Al Ox%,Ti Ox%,K Ox%,
0,5.409716,51.17237,10.97374,0.158357,11.53593,0.04966,14.0979,2.168549,0.406546,
0.500000000000009,5.389461,51.1656,10.84643,0.151631,11.2512,0.04699,14.03485,2.055614,0.363188,
0.999999999999999,5.274246,51.29653,11.00995,0.173375,11.22803,0.005909,13.98513,2.141867,0.344068,
1.50000000000001,5.098487,51.56399,10.85136,0.269047,11.30955,0.047403,14.17249,2.191503,0.348112,
2,5.154171,51.39942,10.79691,0.155976,11.09337,-0.041978,14.28033,2.207882,0.425969,
2.5,5.404548,51.35685,10.72441,0.177592,10.79589,0.061761,14.2904,2.225415,0.385902,
2.99999999999999,6.061431,51.40056,10.51733,0.160799,10.55602,0.024855,14.31811,2.176018,0.435941,
3.5,7.039688,50.99247,9.688494,0.193495,10.57638,0.003499,14.14442,2.133261,0.407505,
3.99999999999999,11.79524,49.8929,8.039046,0.181828,11.17554,-0.018792,12.99209,1.840499,0.455676,
4.5,26.36547,47.12074,4.632465,0.22729,14.93867,0.209624,8.533485,1.004601,0.291498,
5.00000000000001,35.63291,43.41286,2.211347,0.266259,16.85373,0.109017,4.495037,0.453508,0.086114,
5.5,39.83261,40.86874,1.027544,0.306078,17.67059,0.264836,2.31533,0.219352,0.049552,
6.00000000000001,41.60815,39.83434,0.551546,0.255021,17.90135,0.072561,1.190787,0.120862,0.01538,
6.5,42.57929,39.06073,0.322623,0.255058,17.70777,0.219105,0.726393,0.02047,0.033853,
7,42.38954,38.91108,0.334355,0.277153,17.46408,0.181506,0.664983,0.029706,-0.035232,
7.49999999999999,42.70255,38.93391,0.312824,0.244216,17.62332,0.240711,0.68933,-0.026478,-0.008995,
8,42.60622,39.31255,0.332823,0.25653,17.39787,0.19524,0.673998,0.125659,0.02922,
8.49999999999999,42.69318,39.32922,0.300681,0.236604,17.23733,0.267109,0.584274,0.057462,0.019088,
9,42.82137,39.25579,0.304993,0.258574,17.32177,0.267797,0.684371,-0.005724,-0.019703,
9.49999999999999,43.17179,39.10387,0.307246,0.287714,17.27221,0.242425,0.59201,0.063527,0.021058,
10,43.11309,39.09282,0.266898,0.241867,17.163,0.123864,0.556885,-0.002765,0.027058,
10.5,43.05802,39.19139,0.258336,0.247462,17.1655,0.139281,0.586673,0.011672,-0.025077,
11,43.04197,39.15195,0.297904,0.198249,17.05202,0.217366,0.633172,-0.052995,0.013268,
11.5,43.08013,39.03407,0.256104,0.194212,17.0062,0.310344,0.561609,0.001842,-0.021296,
12,43.08649,39.02498,0.258203,0.223816,17.04113,0.213596,0.503144,0.018158,-0.006226,
12.5,43.25268,39.14268,0.277983,0.241195,17.05569,0.247205,0.58264,0.056168,-0.000759,
13,43.44888,39.33803,0.262988,0.340819,16.64439,0.273644,0.545582,-0.034901,0.020961,
13.5,43.27959,39.41775,0.222767,0.224236,16.98786,0.216985,0.580463,0.053291,0.00677,
14,43.26906,39.15865,0.274892,0.222959,16.70147,0.207777,0.604045,-0.030317,0.034845,
14.5,43.3261,39.46838,0.24825,0.291044,16.64912,0.229725,0.63116,0.009688,0.017105,
15,43.29313,39.14322,0.25503,0.281494,16.60654,0.204577,0.522625,0.044015,0.012892,
15.5,43.29645,39.13621,0.254106,0.19424,16.8646,0.26149,0.56217,0.010027,0.006648,
16,43.49166,39.30033,0.25654,0.234048,16.69065,0.208663,0.512529,-0.016508,0.030933,
16.5,43.3265,39.17046,0.190332,0.208769,16.71794,0.232482,0.639191,-0.046988,0.024501,
17,43.58189,39.26055,0.25721,0.247708,16.4343,0.327092,0.554074,-0.07673,0.002725,
17.5,43.4505,39.31173,0.26854,0.254399,16.43095,0.287077,0.597277,0.006874,0.00506,
18,43.64663,39.06692,0.306695,0.229147,16.39614,0.16001,0.588012,0.018189,-0.017253,
18.5,43.32456,39.1611,0.219408,0.196557,16.53392,0.139768,0.507316,-0.01108,-0.013165,
19,43.83701,39.16249,0.220746,0.263045,16.64176,0.228202,0.487433,-0.02318,0.00554,
19.5,43.62432,38.919,0.235164,0.190904,16.49457,0.304531,0.620819,0.052083,0.014544,
20,43.62301,39.32901,0.206325,0.266125,16.58363,0.27826,0.578492,0.052935,-0.011967,
20.5,43.81372,39.37778,0.24831,0.265216,16.35683,0.265605,0.506763,0.010285,0.025052,
21,43.47564,39.27575,0.269334,0.197126,16.52815,0.231798,0.557566,0.027271,0.045855,
21.5,43.73386,39.37178,0.275783,0.298251,16.25171,0.21358,0.585657,0.069418,0.00892,
22,43.8231,39.27807,0.214217,0.18829,16.34998,0.171514,0.608084,0.049132,0.051454,
22.5,43.87063,39.29566,0.235822,0.268753,16.46438,0.217585,0.464996,-0.043416,0.008266,
23,43.85375,39.19954,0.195064,0.29403,16.14188,0.322749,0.540967,0.029905,0.001759,
23.5,43.79859,39.15957,0.255526,0.207261,16.28376,0.235941,0.596451,0.023996,0.015803,
24,43.52888,39.39599,0.209531,0.152282,16.15972,0.267207,0.485588,0.011281,0.009324,
24.5,43.99897,39.35904,0.248417,0.204597,16.40854,0.242825,0.516849,0.010891,0.013395,
25,43.67144,39.3247,0.198275,0.253534,16.19173,0.239747,0.615459,0.088604,0.071649,
25.5,44.02767,39.25222,0.233129,0.27599,16.58836,0.256668,0.495979,0.044559,0.001173,
26,43.7956,39.46732,0.241315,0.219454,16.09954,0.288375,0.599685,0.040401,-0.016278,
26.5,43.62326,39.29742,0.20898,0.184803,16.26771,0.230643,0.543335,0.033085,-0.01432,
27,43.99472,39.30135,0.235726,0.162845,16.30507,0.30477,0.512009,-0.019743,-0.006526,
27.5,43.57836,38.92556,0.204506,0.317384,16.11757,0.237109,0.553946,0.009216,0.02553,
28,43.95986,38.90221,0.222198,0.171727,16.1732,0.352868,0.622837,0.042774,0.007006,
28.5,43.78287,39.19017,0.20357,0.203405,16.42944,0.300794,0.627917,0.036695,-0.019416,
29,43.63433,39.33983,0.239234,0.268978,16.09532,0.225794,0.510176,0.040807,0.00395,
29.5,43.86091,39.31357,0.21118,0.220838,16.27081,0.220673,0.504253,0.029987,0.025605,
30,43.99212,39.12117,0.223022,0.31533,16.20204,0.228431,0.5025,0.042199,-0.018771,
30.5,43.90855,39.10063,0.206963,0.240444,16.18024,0.341357,0.545642,0.037363,0.002961,
31,43.85558,38.88611,0.240633,0.250116,16.29756,0.172031,0.570853,0.053604,0.010253,
31.5,43.7069,39.13356,0.216605,0.216637,16.01568,0.313379,0.620823,0.022531,0.020252,
32,43.75092,39.2505,0.237945,0.19428,16.07287,0.247091,0.515409,0.046809,0.002824,
32.5,44.0023,39.20671,0.215953,0.209201,16.33286,0.276733,0.573484,0.049281,0.01712,
33,43.98486,38.97551,0.178729,0.294333,16.13581,0.282914,0.478665,0.059201,0.002978,
33.5,44.10212,39.2508,0.201292,0.279645,16.01437,0.301443,0.523965,0.062816,0.009377,
34,43.89172,39.31365,0.194726,0.28433,16.02321,0.289249,0.579733,-0.015066,0.006069,
34.5,43.9268,39.37469,0.217488,0.147614,16.11729,0.203177,0.565027,-0.021578,-0.042699,
35,44.25183,39.09463,0.205627,0.230158,16.18546,0.308256,0.602295,0.074342,-0.000498,
35.5,43.81322,39.04825,0.280355,0.246687,16.17716,0.251956,0.617733,0.07,0.023361,
36,43.65705,39.21434,0.212067,0.269196,15.88481,0.230188,0.605668,0.008506,0.007793,
36.5,43.94667,39.31385,0.204965,0.295486,16.23763,0.247212,0.521828,-0.005982,-0.032436,
37,43.98724,39.26783,0.199909,0.221305,16.11523,0.17776,0.534349,0.045684,0.005611,
37.5,44.24336,39.31541,0.21344,0.204982,16.12389,0.313463,0.603399,-0.031786,0.003781,
38,43.75227,39.13406,0.206518,0.242656,16.18926,0.283485,0.515816,0.002038,0.025382,
38.5,43.90382,39.45923,0.249575,0.273555,15.94714,0.316757,0.542021,-0.010907,-0.011517,
39,43.86776,39.24427,0.250281,0.25777,16.07802,0.247089,0.528525,0.085712,0.010189,
39.5,43.86183,39.33532,0.230988,0.247437,15.87138,0.211333,0.438467,0.005904,0.005203,
40,44.00392,39.22125,0.228599,0.200886,16.04757,0.208906,0.545381,-0.012274,-0.008514,
40.5,43.84958,39.23,0.186456,0.249906,16.08339,0.224316,0.517049,0.00963,0.008679,
41,44.03878,39.14663,0.229724,0.184511,16.18578,0.287985,0.493733,-0.014171,0.011615,
41.5,44.296,39.51813,0.240042,0.281854,16.03769,0.217969,0.529747,0.041936,-0.00296,
42,44.01957,39.42234,0.224622,0.241339,16.08368,0.247521,0.590153,0.055235,0.025899,
42.5,44.10759,39.17403,0.237879,0.171969,16.08521,0.308643,0.596177,-0.025508,-0.014666,
43,43.93602,39.26018,0.221182,0.215491,15.80739,0.304122,0.540235,-0.02403,-0.014259,
43.5,44.00948,39.19305,0.243394,0.278581,16.32933,0.154331,0.535156,0.006745,0.012512,
44,43.96033,39.16711,0.215708,0.208931,15.903,0.155459,0.603133,0.045163,0.00524,
44.5,43.64022,39.08189,0.258405,0.230202,15.65691,0.253878,0.566457,0.03559,0.002497,
45,44.12631,39.12333,0.17762,0.294956,16.13349,0.140588,0.511855,0.042946,0.015268,
45.5,43.91588,39.10416,0.213742,0.141308,15.9412,0.250096,0.537376,-0.02967,0.010806,
46,44.01555,39.3079,0.175494,0.180972,15.98226,0.259267,0.548156,0.05398,-0.018203,
46.5,43.75163,39.27227,0.223621,0.238421,15.77811,0.296024,0.457435,0.025343,0.025812,
47,44.03354,39.20872,0.21266,0.251074,15.82927,0.225691,0.463121,-0.001096,0.026562,
47.5,43.98094,39.35367,0.262775,0.233028,15.96494,0.276944,0.565354,-0.002437,0.014624,
48,43.76206,39.23154,0.191462,0.230041,15.81938,0.199048,0.551784,0.100766,-0.038169,
48.5,43.90029,39.14632,0.201293,0.207617,16.09945,0.330752,0.528158,0.057229,0.02666,
49,44.03228,39.33302,0.274062,0.251855,16.01986,0.280831,0.622913,-0.039939,-0.003779,
49.5,43.96468,39.28344,0.255353,0.271111,16.17847,0.282888,0.562361,0.042164,-0.006906,
50,44.01932,39.24561,0.219429,0.285301,15.88387,0.285681,0.501662,0.064413,-0.019397,
50.5,43.99247,39.15896,0.219705,0.173527,15.84106,0.27409,0.507212,-0.000927,0.006058,
51,44.12698,39.36619,0.213857,0.196048,15.73427,0.293004,0.521854,0.007784,-0.007574,
51.5,43.73986,38.97374,0.18472,0.216301,15.9659,0.246067,0.574903,0.070483,0.01368,
52,44.00061,39.04873,0.246732,0.29147,15.79729,0.196631,0.562954,-0.034725,-0.012066,
52.5,44.09084,39.27774,0.219291,0.241183,15.88055,0.329993,0.593554,0.046687,0.029914,
53,44.10373,39.16093,0.222938,0.260741,16.02068,0.118985,0.629108,-0.082522,0.009483,
53.5,44.14531,39.05798,0.27269,0.220873,15.79578,0.316107,0.460493,0.036398,0.01353,
54,44.09436,39.379,0.178653,0.21335,15.9586,0.281552,0.493283,0.001191,-0.021483,
54.5,43.94064,39.32681,0.20999,0.205754,15.74768,0.31747,0.538341,0.030929,0.002061,
55,44.01107,39.44515,0.219592,0.258554,15.84628,0.328167,0.471501,0.003451,-0.039096,
55.5,43.74402,39.14691,0.217812,0.252198,15.6385,0.220898,0.534668,0.007238,-0.038325,
56,44.02449,39.22886,0.222086,0.18322,16.08688,0.236217,0.561452,0.047883,0.027797,
56.5,44.01128,39.54952,0.197274,0.159349,15.79206,0.330865,0.512322,0.048328,0.028092,
57,43.91969,39.18287,0.2044,0.27969,15.76919,0.186976,0.565462,0.076572,-0.006887,
57.5,43.9413,39.27356,0.226201,0.289905,15.96078,0.24347,0.561011,0.035473,-0.033442,
58,43.83771,38.90399,0.235861,0.178211,15.90051,0.153298,0.452674,0.020858,-0.003762,
58.5,44.09616,39.44334,0.223805,0.25718,15.81282,0.250097,0.511276,0.027306,-0.037169,
59,43.97713,39.17827,0.266212,0.230081,15.84598,0.202574,0.574091,-0.033079,-0.015323,
59.5,43.98159,39.00877,0.219644,0.254221,15.94743,0.231792,0.561571,0.071237,-0.002075,
60,44.37444,39.28012,0.237686,0.166803,16.10582,0.240136,0.566957,0.024786,0.030857,
60.5,44.08995,39.59595,0.184773,0.233868,15.79148,0.340814,0.563626,0.052863,-0.022266,
61,44.17717,39.29307,0.220226,0.310767,15.79337,0.358786,0.464759,-0.05458,-0.010162,
61.5,44.09949,39.34332,0.224524,0.259542,15.75454,0.332746,0.538913,0.015087,-0.023937,
62,44.08375,39.1966,0.242348,0.256526,15.89546,0.263876,0.618247,0.016734,0.006668,
62.5,44.15567,38.83006,0.224881,0.224111,15.80381,0.321841,0.575317,0.073223,0.032488,
63,43.8637,39.05923,0.184879,0.201341,15.87298,0.236645,0.631883,0.043951,-0.034316,
63.5,43.96798,39.09395,0.250663,0.198913,15.67229,0.328361,0.586924,0.024511,-0.013261,
64,44.05157,39.22418,0.241615,0.177988,16.14424,0.26105,0.622865,-0.0109,0.014188,
64.5,44.11291,39.15353,0.212684,0.194022,15.93911,0.261664,0.55538,0.009172,-0.025218,
65,44.22598,39.04723,0.158993,0.243533,15.74572,0.225773,0.545743,-0.026826,0.016297,
65.5,44.34007,39.37451,0.218824,0.220984,15.81454,0.257804,0.557858,-0.002548,-0.010326,
66,44.1509,39.21625,0.19564,0.1796,15.74748,0.271622,0.486752,-0.04212,0.012464,
66.5,44.43972,39.25356,0.2024,0.236142,15.90105,0.316738,0.537511,-0.058714,0.000722,
67,43.94163,39.31111,0.175206,0.200351,15.77879,0.242563,0.580595,0.047089,-0.004989,
67.5,44.20459,39.41894,0.198187,0.288922,15.74429,0.262482,0.599003,-0.016539,-0.007786,
68,44.18321,39.21287,0.223315,0.290528,15.90682,0.249015,0.555033,-0.007545,-0.028663,
68.5,44.02871,39.36193,0.243899,0.193631,15.91543,0.254404,0.59134,0.006781,0.011785,
69,44.06087,39.26731,0.227693,0.226824,15.76669,0.265047,0.546687,0.016619,-0.003953,
69.5,44.15738,39.34075,0.237127,0.170705,15.75034,0.231768,0.53206,0.056808,-0.001637,
70,44.04824,39.24137,0.26386,0.251755,15.83411,0.310154,0.578344,0.003459,-0.027208,
70.5,44.32974,39.31802,0.212964,0.223028,15.92329,0.168368,0.564342,-0.015552,-0.025856,
71,44.28423,39.09837,0.194785,0.215408,15.91009,0.307589,0.643635,0.022446,-0.001918,
71.5,44.14382,39.3013,0.222821,0.205524,15.84903,0.396822,0.556186,-0.040154,-0.007409,
72,43.87754,39.16668,0.209949,0.226432,15.84004,0.25843,0.504301,0.021273,0.007807,
72.5,43.79222,39.25458,0.206072,0.149728,15.80898,0.245028,0.514967,-0.037691,-0.023496,
73,43.99858,39.20677,0.227752,0.158578,15.80845,0.276202,0.507726,0.051618,-0.016715,
73.5,44.11163,39.18503,0.241338,0.145639,15.84809,0.211278,0.594117,0.003798,0.025707,
74,44.04124,39.31842,0.211995,0.237235,15.66592,0.219438,0.518189,0.025448,-0.016657,
74.5,43.94511,39.05482,0.272655,0.313122,15.84007,0.200508,0.530606,0.000739,-0.009013,
75,43.9699,39.33133,0.221175,0.294261,15.90103,0.216437,0.485531,-0.045258,0.015887,
75.5,44.03513,39.51631,0.191692,0.128987,15.67141,0.336995,0.548264,0.054449,-0.000022,
76,44.21159,39.18024,0.238559,0.270741,15.68863,0.247031,0.662333,0.026008,0.024203,
76.5,43.90136,39.27934,0.214585,0.216696,15.76676,0.27634,0.597668,-0.000702,-0.018943,
77,44.15195,39.27877,0.221541,0.152599,15.66797,0.301523,0.541896,0.004273,-0.014871,
77.5,44.04405,39.15169,0.206921,0.302767,15.81031,0.183898,0.599789,-0.028205,0.009524,
78,43.98198,39.34791,0.19725,0.251431,15.97695,0.207804,0.520124,0.052363,-0.019045,
78.5,44.28554,39.07341,0.235931,0.212944,15.80249,0.205127,0.500603,0.001867,0.009043,
79,44.27823,39.20232,0.291439,0.238204,15.71498,0.266962,0.541295,-0.028767,0.00773,
79.5,43.92991,39.07559,0.214568,0.158975,15.71636,0.254834,0.586487,-0.012112,-0.005332,
80,44.01074,39.4173,0.234834,0.296243,15.84723,0.236858,0.582303,0.00317,-0.017252,
80.5,44.01263,39.46371,0.230381,0.120337,15.92982,0.282806,0.540285,-0.011937,0.011999,
81,44.19371,39.16141,0.222623,0.272068,15.86099,0.22733,0.599302,0.009447,-0.022977,
81.5,43.72168,38.91827,0.226598,0.273367,15.74476,0.325399,0.577926,-0.003143,0.007246,
82,44.01962,39.21563,0.225342,0.19973,15.90586,0.296619,0.571466,0.001353,0.001026,
82.5,44.03099,39.04669,0.174596,0.271892,15.78638,0.108563,0.501704,-0.019613,0.019691,
83,43.86573,39.30355,0.220873,0.249941,15.56271,0.271061,0.539233,0.045651,0.028447,
83.5,43.77547,39.04112,0.200774,0.297145,15.81689,0.213578,0.568699,0.012499,0.001877,
84,43.89152,39.25428,0.23464,0.232419,15.68925,0.30613,0.546839,0.01701,-0.018411,
84.5,43.9694,39.02824,0.205346,0.280696,15.83157,0.313589,0.62285,0.030063,-0.026836,
85,43.88519,39.42087,0.161828,0.218391,15.94034,0.225309,0.501995,-0.008743,-0.019178,
85.5,44.04113,39.16352,0.218758,0.278853,15.73951,0.287297,0.569349,-0.034329,-0.015607,
86,43.93125,38.99328,0.217164,0.243068,15.93756,0.402319,0.587662,-0.004212,-0.015692,
86.5,43.86927,39.37035,0.221136,0.24222,15.85303,0.354707,0.48024,0.039742,0.013459,
87,43.94179,39.26151,0.244473,0.144912,15.85412,0.222338,0.538305,0.012562,-0.006193,
87.5,43.85043,39.27988,0.243444,0.211529,15.87332,0.204709,0.556988,0.0266,0.008874,
88,43.8771,39.16054,0.27324,0.217107,15.81209,0.261279,0.590289,0.088454,0.019164,
88.5,44.17932,39.09121,0.211434,0.235182,15.96047,0.313894,0.561979,-0.062624,0.01475,
89,44.02109,39.17832,0.245425,0.236703,15.89927,0.293605,0.498511,0.002371,-0.019511,
89.5,43.95033,39.1713,0.227683,0.202284,15.85419,0.250905,0.570359,0.041522,0.007309,
90,43.91919,39.11574,0.231426,0.275812,15.87491,0.217432,0.537887,0.047131,-0.049866,
90.5,44.06239,39.03201,0.229771,0.255356,15.94432,0.266127,0.434673,0.067636,0.002567,
91,43.73438,39.08573,0.198172,0.290646,15.89369,0.321785,0.520272,-0.04637,-0.082072,
91.5,43.71138,39.16652,0.225843,0.209394,15.6809,0.278755,0.476861,-0.038613,0.004251,
92,44.06067,39.2312,0.218184,0.21822,16.03858,0.22677,0.464676,-0.014307,0.006981,
92.5,43.81462,39.32756,0.235527,0.238983,16.14104,0.294685,0.508399,0.078603,-0.013588,
93,44.07582,39.18011,0.200552,0.19469,15.89186,0.241935,0.619637,0.04598,-0.00739,
93.5,43.68036,39.22515,0.234852,0.162932,16.18002,0.295937,0.503313,0.03691,-0.031498,
94,43.89652,39.12237,0.222463,0.188963,16.1349,0.345982,0.507595,0.013043,0.020705,
94.5,44.00789,38.96729,0.206804,0.237757,16.02999,0.229804,0.591769,0.003936,0.009951,
95,43.41626,39.17195,0.21623,0.234936,15.95482,0.326936,0.535443,0.036835,0.010067,
95.5,43.7429,39.43394,0.268483,0.255052,16.33431,0.269324,0.569662,0.056712,-0.006203,
96,43.87307,39.20188,0.256539,0.242786,15.84369,0.32556,0.573256,0.045379,0.00835,
96.5,43.8586,39.19028,0.222202,0.223364,16.04577,0.227425,0.536936,0.000196,0.031553,
97,43.94328,39.41325,0.223827,0.206435,16.25932,0.300063,0.556656,0.099373,0.013922,
97.5,43.63202,39.05099,0.215597,0.212338,15.99385,0.219735,0.564738,0.010599,-0.006857,
98,43.57962,39.16813,0.231178,0.275265,16.06837,0.356136,0.536947,0.000322,-0.002042,
98.5,43.74587,39.40511,0.22252,0.220976,16.17812,0.26222,0.531842,-0.011546,-0.000753,
99,43.60996,39.06767,0.253738,0.245897,16.03129,0.205764,0.60999,0.001382,-0.006245,
99.5,43.6773,39.09903,0.234717,0.297368,16.02077,0.285496,0.555149,-0.011242,0.012811,
100,43.57617,39.00864,0.190725,0.1715,16.23783,0.241733,0.588461,-0.004781,0.054861,
100.5,43.54859,39.26785,0.242288,0.248776,16.0037,0.269826,0.545597,-0.003666,0.005598,
101,43.77487,39.41275,0.241363,0.273592,16.27719,0.233909,0.544219,0.019645,-0.001387,
101.5,43.61985,39.14222,0.253134,0.218038,16.41286,0.265068,0.479566,0.036331,0.00811,
102,43.61336,38.96614,0.235082,0.248696,16.36923,0.208344,0.525444,0.0466,0.02056,
102.5,43.48591,39.12273,0.215606,0.274282,16.2155,0.263324,0.524519,-0.008151,-0.017796,
103,43.55918,39.26603,0.208017,0.193749,16.64239,0.270171,0.561951,0.016842,-0.029048,
103.5,43.48774,39.06821,0.238897,0.196726,16.56584,0.31941,0.552609,0.029369,-0.036851,
104,43.47692,39.05953,0.24316,0.25525,16.36469,0.276594,0.539461,0.011289,0.011682,
104.5,43.33231,39.1004,0.244064,0.22006,16.49063,0.253493,0.561257,-0.02634,-0.003341,
105,43.4936,39.17646,0.222024,0.269066,16.43042,0.347697,0.536741,0.028435,-0.000679,
105.5,43.45813,39.10261,0.269001,0.285606,16.37196,0.255922,0.484511,0.021895,-0.004093,
106,43.31277,39.44971,0.249415,0.278386,16.59803,0.347024,0.567578,-0.042023,0.01813,
106.5,43.4011,39.26514,0.235039,0.217347,16.91054,0.306624,0.58901,-0.02753,-0.023738,
107,43.30778,39.12202,0.269923,0.2061,16.64959,0.251874,0.6511,0.011996,0.004819,
107.5,43.04645,38.98093,0.285115,0.239651,16.63958,0.244959,0.578349,0.070937,0.023004,
108,43.25344,38.90463,0.24377,0.283414,16.78868,0.253789,0.546614,0.04853,0.003298,
108.5,43.05264,39.14999,0.291212,0.186538,16.56959,0.274878,0.596098,0.01369,0.017341,
109,43.00237,39.04913,0.309853,0.256474,16.69977,0.177498,0.609754,-0.026415,0.014828,
109.5,42.76181,39.12373,0.276127,0.251878,16.71104,0.209028,0.633163,0.05416,0.021771,
110,43.12622,39.215,0.261193,0.24639,16.87911,0.348729,0.546196,0.054547,0.015303,
110.5,43.23448,38.84376,0.25155,0.30458,17.01905,0.322306,0.613701,0.071775,0.011131,
111,42.88112,39.04705,0.320806,0.215262,16.68946,0.248864,0.561826,0.062232,-0.015836,
111.5,42.79735,38.71167,0.291912,0.25941,16.84313,0.217288,0.621148,0.108184,-0.005309,
112,42.74548,39.04838,0.23799,0.203493,17.07656,0.192716,0.602589,0.061013,0.035568,
112.5,42.64455,39.02808,0.300474,0.314256,16.98682,0.235349,0.679179,0.032976,0.016071,
113,42.67543,39.09142,0.280401,0.29076,17.12037,0.283911,0.576839,0.005708,-0.002418,
113.5,42.55033,39.12816,0.259992,0.251422,17.14835,0.241704,0.691449,0.083171,-0.003222,
114,42.76458,39.19411,0.324316,0.295839,17.15554,0.210044,0.563155,0.028157,-0.016417,
114.5,42.62999,38.97756,0.248229,0.268292,17.16882,0.188712,0.622897,0.028022,-0.031369,
115,42.54722,38.79927,0.280335,0.179386,17.25801,0.232726,0.633687,-0.003845,-0.006921,
115.5,42.39481,38.86522,0.299112,0.23871,17.21791,0.220274,0.671121,0.011762,-0.013148,
116,42.48564,38.91186,0.306013,0.298904,17.4212,0.259277,0.668981,0.028196,0.016474,
116.5,42.34872,38.88646,0.279144,0.299925,17.46131,0.241081,0.657015,0.028371,0.034218,
117,42.24894,38.74775,0.264732,0.279959,17.60112,0.102171,0.59548,-0.000614,-0.01578,
117.5,42.1714,38.71448,0.295945,0.203869,17.64732,0.207517,0.678814,0.053457,-0.011179,
118,42.21777,38.98753,0.294404,0.299578,17.61848,0.247203,0.592795,0.030871,-0.010356,
118.5,41.71876,38.77478,0.318436,0.294115,17.46788,0.187597,0.583567,0.033423,-0.009305,
119,42.26942,38.85867,0.309213,0.261879,17.52895,0.17028,0.559708,-0.058552,-0.030098,
119.5,42.11589,38.90062,0.305845,0.283879,17.60884,0.286438,0.637719,-0.008192,-0.039245,
120,41.7648,38.6155,0.333915,0.222447,17.58673,0.211355,0.591253,0.071709,0.021852,
120.5,42.01379,38.86507,0.296841,0.231112,17.65018,0.193851,0.610853,0.130574,0.038018,
121,41.97576,38.85125,0.305665,0.308761,17.79218,0.27948,0.665937,0.022976,-0.000929,
121.5,42.07878,38.91743,0.268208,0.24051,17.78334,0.25105,0.639339,0.06726,0.023516,
122,41.91063,38.61266,0.286458,0.280219,17.62474,0.169326,0.651686,0.038323,-0.004199,
122.5,41.97931,38.70575,0.310517,0.233562,17.61155,0.244361,0.652524,0.027248,0.014072,
123,42.21649,38.785,0.34517,0.336218,17.49169,0.26626,0.596092,0.015307,-0.048898,
123.5,41.96326,38.96706,0.363163,0.285033,17.62607,0.197575,0.643574,0.000682,0.009008,
124,41.88868,38.52686,0.32119,0.260435,17.69888,0.272836,0.602338,-0.013814,-0.008892,
124.5,41.6986,38.77385,0.31416,0.259814,17.69097,0.187821,0.694316,0.056098,-0.021638,
125,41.75297,38.17582,0.274663,0.211104,17.78733,0.234936,0.603115,0.040377,0.024888,
125.5,41.72387,38.85815,0.309736,0.311168,17.94711,0.175087,0.628586,0.060387,0.001558,
126,41.4157,38.62808,0.325407,0.275269,17.69949,0.163976,0.649908,0.033928,0.014599,
126.5,41.30044,38.82423,0.359277,0.309759,17.92436,0.21377,0.618796,0.034533,-0.000599,
127,41.0643,39.14135,0.485518,0.264268,17.95607,0.205711,1.035488,0.063444,0.017984,
127.5,39.45975,39.18554,0.897524,0.23545,17.59598,0.19524,1.712165,0.191938,0.043109,
128,36.3722,40.79068,1.894692,0.295554,17.12552,0.175715,3.121705,0.417052,0.082266,
128.5,28.53839,42.92447,3.834557,0.185983,15.13778,0.035277,5.997483,0.897861,0.224949,
129,13.35794,45.12471,7.178387,0.242472,11.47589,-0.01575,10.5788,1.650227,0.437828,
129.5,7.395167,47.90549,9.063092,0.195245,10.04672,-0.032244,12.9451,2.174337,0.416673,
130,6.102262,49.69605,9.922216,0.24629,10.24959,0.056191,13.71005,2.246883,0.402598,
130.5,5.528722,50.48546,10.1193,0.149098,10.38926,0.099309,14.19489,2.202688,0.409677,
131,5.50001,51.13004,10.29937,0.261354,10.5331,-0.034967,14.10851,2.264719,0.404192,
131.5,5.359185,50.81094,10.53179,0.141427,10.80187,-0.036291,14.04309,2.240325,0.395642,
132,5.498393,50.68133,10.42615,0.194941,10.95651,0.062932,14.01764,2.307146,0.416426,
132.5,5.688221,50.6963,10.52619,0.211754,10.89889,0.004318,14.16627,2.198253,0.411485,
133,5.726037,50.42611,10.41324,0.159038,10.85635,0.029851,13.96731,2.31502,0.37876,
133.5,5.846158,50.50124,10.45761,0.166973,11.00575,-0.002017,13.75718,2.15363,0.350265,
