Distance (µm),Mg Ox%,Si Ox%,Ca Ox%,Mn Ox%,Fe Ox%,Ni Ox%,Ti Ox%,K Ox%,Cr Ox%,
0,7.128607,48.46068,10.06133,0.187387,11.42097,-0.006821,2.305493,0.343577,-0.030861,
0.500000000000003,6.998053,48.34726,10.02414,0.190132,11.30037,-0.020979,2.231973,0.382578,-0.008051,
0.999999999999996,6.832963,48.32112,9.974408,0.232261,11.2434,0.069289,2.275116,0.365589,-0.014096,
1.5,6.91983,48.7156,9.902513,0.189543,11.35753,0.110121,2.24262,0.368783,-0.004902,
2,6.809345,48.418,9.791059,0.188935,11.12489,-0.044494,2.225307,0.343378,-0.041669,
2.5,6.648051,48.5654,9.738719,0.123847,11.20781,-0.015806,2.178682,0.40021,0.070263,
3,6.804313,48.30259,9.672002,0.164898,10.7779,0.026318,2.139204,0.396983,0.038788,
3.5,7.001501,48.14057,9.508145,0.111256,10.53646,-0.01853,2.051022,0.457587,0.046999,
4,7.5757,48.13166,9.348347,0.081245,9.828537,0.060156,1.955022,0.410069,0.065156,
4.5,10.23585,48.26446,9.550534,0.139359,9.480456,0.08164,1.820817,0.356774,0.115316,
5,17.76628,49.98731,9.234719,0.262485,10.37731,0.031495,1.609221,0.191752,0.239563,
5.5,24.69184,52.61752,5.368654,0.116226,11.12647,0.054835,0.799395,0.118194,0.444458,
6,26.8451,53.29134,3.974879,0.23541,11.34694,0.132513,0.604103,0.033474,0.42766,
6.5,28.02077,53.37186,3.176477,0.280804,11.43501,0.130418,0.323126,0.000739,0.56571,
7,28.16061,53.84292,3.01338,0.285688,11.1418,0.025584,0.362617,-0.049256,0.588203,
7.5,28.53878,53.3863,2.72476,0.238127,11.04843,-0.026866,0.320965,-0.00669,0.497606,
8,29.08846,54.05091,2.493777,0.268109,11.086,0.059193,0.367789,-0.008286,0.534302,
8.49999999999999,29.34467,54.23834,2.346345,0.194736,10.88996,0.063708,0.327211,0.019427,0.513714,
9,29.704,54.34803,2.186531,0.254608,10.44369,0.031156,0.302328,0.015262,0.588627,
9.5,30.04065,54.7986,2.036291,0.211259,10.06449,0.045117,0.332625,0.009834,0.601042,
10,30.21391,54.58285,1.954236,0.1981,9.863031,0.047242,0.267209,0.042383,0.595766,
10.5,30.36169,54.89256,1.957405,0.30466,10.09525,0.212566,0.307306,-0.022388,0.60615,
11,30.51484,54.58992,1.939906,0.236282,9.806532,0.025976,0.323073,0.048062,0.625424,
11.5,30.39147,54.8284,1.910646,0.104659,9.6451,0.0127,0.335706,-0.002463,0.570094,
12,30.60465,54.81977,2.051572,0.139968,9.72764,0.083946,0.204265,-0.018724,0.725557,
12.5,30.59075,54.94337,1.960259,0.192028,9.774676,0.057511,0.294602,-0.033672,0.646977,
13,30.34553,54.51389,1.939774,0.219156,9.583179,-0.003582,0.305099,-0.043234,0.628405,
13.5,30.68987,54.95856,1.875826,0.189731,9.663114,0.0567,0.289051,0.009988,0.643982,
14,30.76661,54.83374,1.804851,0.245261,9.589813,0.141461,0.332369,0.010764,0.615167,
14.5,30.96318,54.80107,1.826712,0.224948,9.62422,0.119096,0.272131,0.005397,0.568811,
15,30.97532,55.1988,1.853778,0.232433,9.427402,0.079669,0.284263,-0.010535,0.570313,
15.5,30.83971,54.88409,1.809044,0.269142,9.457237,0.146326,0.345432,0.005921,0.512215,
16,30.7859,55.23233,1.750586,0.149843,9.586917,0.117109,0.312206,-0.036318,0.580292,
16.5,30.85981,55.24499,1.829954,0.227967,9.665112,0.118363,0.279075,0.036563,0.529393,
17,30.84934,55.1399,1.832482,0.269426,9.726043,0.069286,0.220594,0.030423,0.627961,
17.5,30.37814,54.94057,1.883393,0.19023,9.828521,-0.008972,0.244269,-0.008349,0.53281,
18,30.09112,54.46256,2.030435,0.268333,10.11216,0.057513,0.23099,0.008807,0.453429,
18.5,29.78237,54.68819,2.237267,0.277649,10.67112,0.002308,0.314578,0.008184,0.583291,
19,29.65771,54.33735,2.208405,0.181555,10.96933,0.061657,0.334421,0.022293,0.467045,
19.5,29.44128,54.37825,2.226293,0.273419,11.09579,0.0134,0.30702,0.008254,0.468446,
20,29.58551,54.62527,2.254837,0.214861,11.26103,0.098291,0.3194,-0.011168,0.537671,
20.5,29.55223,54.36303,2.193323,0.302987,11.18773,0.059234,0.248007,-0.004911,0.466135,
21,29.43188,54.80971,2.192661,0.25409,10.9921,0.11768,0.431876,0.001484,0.390023,
21.5,29.62796,54.63977,2.23496,0.193665,11.00705,0.098097,0.300249,0.007504,0.467627,
22,29.491,54.51984,2.19333,0.27709,11.01567,0.052512,0.351464,0.00345,0.471043,
22.5,29.45537,54.86902,2.205893,0.197259,11.28791,0.092504,0.29182,0.025854,0.510467,
23,29.62002,54.38116,2.192415,0.205758,11.11141,0.121117,0.310737,0.005791,0.487177,
23.5,29.5889,54.73142,2.168988,0.290372,11.16788,0.000588,0.315495,0.033543,0.462559,
24,29.35865,54.51415,2.259247,0.168692,10.89691,0.066636,0.294556,0.023883,0.54203,
24.5,29.40276,54.8762,2.183814,0.232241,11.06136,0.009572,0.282408,-0.022479,0.476759,
25,29.46349,54.54557,2.095468,0.236024,11.12417,0.052755,0.317974,0.010576,0.495779,
25.5,29.28109,54.3467,2.17904,0.274177,11.05748,0.021356,0.31976,-0.001573,0.415427,
26,29.54605,54.50953,2.163299,0.263786,11.1845,-0.000595,0.297108,-0.011134,0.504613,
26.5,29.49789,54.63646,2.229188,0.25773,11.11759,0.034322,0.31756,0.015464,0.456088,
27,29.61581,54.53109,2.125391,0.170609,11.06497,0.053555,0.275901,0.019284,0.525215,
27.5,29.51221,54.51869,2.186603,0.192748,11.11339,0.104737,0.380895,0.004669,0.581262,
28,29.53494,54.73578,2.169098,0.219785,11.05853,0.056123,0.293316,-0.029201,0.568008,
28.5,29.66284,54.49823,2.187889,0.178333,11.16967,0.080064,0.266965,-0.018023,0.494304,
29,29.66126,54.60353,2.156794,0.200989,10.96006,0.110885,0.304594,0.007253,0.566341,
29.5,29.59109,54.79823,2.14457,0.268039,10.84698,-0.024894,0.262066,0.012768,0.518199,
30,29.49348,54.72894,2.171963,0.222988,11.0516,0.032836,0.323736,0.030374,0.481566,
30.5,29.64155,54.83586,2.131042,0.292247,11.12438,0.120077,0.345784,-0.006684,0.473554,
31,29.59761,54.44849,2.126836,0.199279,11.02495,0.05407,0.311702,-0.031013,0.570799,
31.5,29.88371,54.83751,2.170737,0.229997,10.92887,0.075889,0.260898,-0.021535,0.482595,
32,29.63216,54.619,2.194939,0.229848,10.88802,0.071248,0.343444,0.027604,0.523142,
32.5,29.35365,54.45732,2.156149,0.26889,10.95187,0.122868,0.342144,0.043736,0.47589,
33,29.60443,54.64435,2.18478,0.219948,11.13778,-0.034201,0.241847,0.014624,0.497346,
33.5,29.69501,54.67439,2.209034,0.241632,10.98663,0.132974,0.294091,-0.019465,0.448176,
34,29.57612,54.63522,2.149151,0.23255,10.88851,0.060085,0.333884,-0.040842,0.482273,
34.5,29.70892,54.69278,2.157376,0.23663,11.04444,0.02325,0.30959,0.017638,0.487227,
35,29.49069,54.52272,2.195596,0.200055,11.12564,0.021946,0.28625,-0.000378,0.451683,
35.5,29.52557,54.62988,2.124799,0.222572,11.21203,0.084562,0.297019,0.003461,0.47459,
36,29.66032,54.60923,2.184975,0.258195,11.04389,0.038761,0.270326,-0.018305,0.418431,
36.5,29.49749,54.61252,2.189759,0.310431,11.01156,0.093482,0.321344,-0.030662,0.513386,
37,29.55259,54.68059,2.144923,0.305587,11.05674,0.030679,0.252997,-0.010222,0.500513,
37.5,29.47985,54.67182,2.247724,0.237098,11.08075,-0.012029,0.254886,0.032704,0.545053,
38,29.54841,54.60815,2.197405,0.204414,11.22659,0.050961,0.358986,-0.011698,0.56321,
38.5,29.38726,54.72579,2.259459,0.158955,10.86204,0.106519,0.340782,-0.000593,0.57044,
39,29.40705,54.56353,2.235113,0.232135,11.09051,0.069102,0.351867,0.002992,0.52948,
39.5,29.71455,54.66514,2.235882,0.145887,11.14602,0.200792,0.306025,0.023933,0.632982,
40,29.5582,54.62147,2.214954,0.213708,11.11231,0.026927,0.261874,0.050953,0.425036,
40.5,29.44953,54.51263,2.230672,0.299056,11.15223,0.161253,0.282575,0.021652,0.492976,
41,29.57762,54.76638,2.320482,0.190835,10.91368,-0.021625,0.242436,0.000237,0.476692,
41.5,29.38542,54.95697,2.235734,0.296079,10.85526,0.07252,0.330342,0.012831,0.481434,
42,29.43758,54.56883,2.229621,0.253568,11.0198,0.072564,0.336955,0.01137,0.534921,
42.5,29.53998,54.34616,2.256798,0.249965,11.19889,0.059194,0.359522,-0.029409,0.576953,
43,29.5482,54.65667,2.205161,0.203277,11.26712,0.06018,0.296916,-0.011018,0.505327,
43.5,29.52582,54.62312,2.208113,0.245636,10.94583,0.060871,0.3682,-0.013705,0.515148,
44,29.67291,55.01475,2.265817,0.209387,11.30212,0.050993,0.331392,0.007896,0.556619,
44.5,29.64795,54.50999,2.242956,0.249011,11.05542,0.096674,0.346136,-0.032505,0.580982,
45,29.45651,54.8467,2.231578,0.21204,10.97604,0.031201,0.258807,-0.008751,0.435913,
45.5,29.4841,54.81305,2.293993,0.268037,11.04453,0.078738,0.283098,-0.027668,0.519099,
46,29.5513,54.77732,2.307339,0.229506,11.03308,0.047176,0.256268,0.023829,0.580834,
46.5,29.63434,54.59912,2.166052,0.249532,11.11973,0.137518,0.353218,-0.016938,0.433259,
47,29.62945,54.68432,2.253319,0.323594,10.86994,0.112969,0.195056,-0.00661,0.431433,
47.5,29.61462,54.50253,2.184965,0.324208,10.99252,0.014126,0.327953,-0.00699,0.497955,
48,29.29988,54.59533,2.288037,0.204751,10.96646,0.165897,0.38186,-0.039322,0.589554,
48.5,29.41683,54.71315,2.257952,0.279372,11.25925,0.041745,0.281771,0.004132,0.469046,
49,29.46145,54.80635,2.301282,0.122823,10.97912,0.081896,0.31403,-0.027998,0.497687,
49.5,29.20458,54.61349,2.3596,0.303688,10.9556,-0.005416,0.241623,-0.020756,0.431021,
50,29.49876,54.78101,2.277379,0.275412,11.0247,-0.000578,0.292415,0.004346,0.503196,
50.5,29.60169,54.57887,2.343858,0.228629,11.05746,-0.02062,0.32548,-0.008587,0.598273,
51,29.47065,54.58638,2.37558,0.308915,11.00242,0.063577,0.360752,-0.00807,0.428664,
51.5,29.53867,54.68036,2.383302,0.290355,11.00877,0.008923,0.238724,0.024625,0.588706,
52,29.2614,54.47684,2.319168,0.212815,11.13799,0.048977,0.319313,-0.024219,0.535501,
52.5,29.40187,54.07128,2.373269,0.304164,10.95761,0.049443,0.357127,0.033714,0.548867,
53,29.31506,54.42128,2.28615,0.285828,11.00411,0.1091,0.300339,0.002416,0.488969,
53.5,29.25315,54.38538,2.37687,0.289384,10.92481,-0.002797,0.357565,0.019758,0.43669,
54,29.48045,54.26441,2.32892,0.224372,11.31928,0.068195,0.309417,-0.019313,0.497974,
54.5,29.34646,54.52353,2.401472,0.245521,10.99476,0.047598,0.316342,0.027998,0.56823,
55,29.2849,54.59438,2.353745,0.196306,11.22812,0.103965,0.284106,-0.031554,0.544948,
55.5,29.42611,54.41812,2.414651,0.233541,11.11334,0.100747,0.379126,-0.005725,0.521155,
56,29.04027,54.46865,2.41239,0.271131,11.02529,0.065895,0.290496,0.002559,0.499033,
56.5,29.30926,54.65688,2.412916,0.228547,10.94511,0.032692,0.317001,0.00423,0.510223,
57,29.38281,54.63977,2.402858,0.258264,11.0336,0.019724,0.352171,-0.013784,0.537671,
57.5,29.3527,54.47502,2.320596,0.253799,11.1353,0.084547,0.273403,-0.007482,0.531221,
58,29.33581,54.50989,2.41106,0.215023,11.08145,0.146718,0.218206,0.013623,0.520374,
58.5,29.43996,54.4594,2.246851,0.220364,11.14231,0.041477,0.26164,-0.013442,0.475855,
59,29.29363,54.62989,2.380767,0.242906,11.14814,0.070081,0.317897,-0.033904,0.47718,
59.5,29.48079,54.81047,2.267843,0.197121,11.22692,0.166521,0.269538,0.01765,0.465723,
60,29.43184,54.62667,2.284289,0.26557,10.9331,0.020533,0.314133,0.016668,0.569996,
60.5,29.56828,54.68755,2.208548,0.284646,11.04436,0.07196,0.37041,0.031562,0.492264,
61,29.47182,54.44043,2.312396,0.241618,10.99931,0.002318,0.287276,0.020817,0.469371,
61.5,29.41778,55.04685,2.27777,0.256542,11.14257,0.12766,0.359005,-0.015393,0.528428,
62,29.4053,54.6711,2.317899,0.24146,11.01014,0.017966,0.229456,0.002228,0.462952,
62.5,29.39378,54.56458,2.315392,0.274232,11.02335,0.056815,0.361088,0.030158,0.489264,
63,29.44317,54.49877,2.216824,0.234624,11.1686,0.080344,0.283131,0.018844,0.470665,
63.5,29.39766,54.66109,2.310035,0.321381,10.97107,0.113845,0.306971,-0.008481,0.45636,
64,29.38758,54.51221,2.294533,0.245406,10.93053,0.065361,0.408382,-0.028066,0.484881,
64.5,29.36157,54.57584,2.277554,0.251395,10.88756,0.078035,0.317907,-0.025377,0.49183,
65,29.18769,54.38923,2.257158,0.234993,11.0827,0.018772,0.367821,0.010436,0.513687,
65.5,29.32289,54.35596,2.334432,0.175802,10.94739,0.059065,0.373782,-0.02114,0.431418,
66,29.37389,54.47058,2.314937,0.246006,11.09672,0.044349,0.277657,0.001046,0.447087,
66.5,29.39911,54.41849,2.280236,0.256632,11.01489,0.048485,0.307459,0.000998,0.491992,
67,29.47371,54.63277,2.346692,0.240255,11.15567,0.106174,0.302253,-0.026934,0.521953,
67.5,29.58582,54.63833,2.364427,0.224225,11.244,0.023388,0.377721,-0.031343,0.530471,
68,29.36322,54.2775,2.318956,0.182681,11.11782,0.05226,0.357039,-0.019032,0.513369,
68.5,29.43577,54.40089,2.350111,0.257566,11.08805,0.082815,0.254974,0.013937,0.498382,
69,29.48473,54.53324,2.38087,0.246143,11.12512,0.027469,0.291903,0.034698,0.564428,
69.5,29.2914,54.43106,2.373082,0.224935,11.11025,0.034762,0.304353,0.00205,0.515332,
70,29.37423,54.25097,2.356138,0.199827,11.09812,0.089847,0.28808,-0.005252,0.542663,
70.5,29.25566,54.36973,2.328638,0.253448,11.15157,0.030983,0.310565,0.015749,0.50391,
71,29.24854,54.60641,2.404901,0.277569,11.09452,0.014918,0.356298,-0.038271,0.518537,
71.5,29.56235,54.50364,2.306569,0.223702,11.11335,0.134761,0.341043,-0.016043,0.499884,
72,29.40436,54.56239,2.344166,0.197442,11.08871,0.135416,0.378255,0.038451,0.619468,
72.5,29.26638,54.37175,2.418113,0.211889,11.1735,0.077434,0.316876,0.022796,0.472572,
73,29.30331,54.72596,2.472086,0.27446,11.00992,0.12373,0.273204,0.018788,0.520224,
73.5,29.21847,54.58311,2.492834,0.246227,11.12776,0.089649,0.338377,0.017976,0.405852,
74,29.17217,54.43214,2.491867,0.278129,10.92186,0.106433,0.32765,-0.008242,0.545066,
74.5,29.17711,54.73901,2.594548,0.254079,11.09096,0.164616,0.313755,0.021453,0.628942,
75,29.10218,54.33728,2.497763,0.210409,11.05842,0.1637,0.328637,-0.029923,0.448675,
75.5,29.37999,54.71212,2.436248,0.27023,11.09103,0.041089,0.340336,0.030429,0.495343,
76,29.42413,54.52177,2.254401,0.247114,11.14487,0.043485,0.332259,-0.030097,0.517244,
76.5,29.42888,54.75909,2.276716,0.175266,11.09876,0.078025,0.279297,-0.049845,0.510217,
77,29.47642,54.9158,2.217222,0.18816,11.22101,0.071188,0.220374,-0.011618,0.492839,
77.5,29.70454,54.88787,2.219218,0.210384,10.95175,0.068132,0.207172,0.002274,0.402234,
78,29.49244,54.85516,2.16914,0.292776,10.89562,0.136732,0.28088,-0.023098,0.473227,
78.5,29.73029,54.81308,2.257516,0.225523,10.95505,0.15576,0.206387,0.023807,0.481874,
79,29.7,55.02755,2.240817,0.316221,11.05917,0.113238,0.187459,0.001309,0.467168,
79.5,29.69181,54.6535,2.199418,0.201357,10.99777,0.130747,0.211744,0.011797,0.493185,
80,29.5804,54.7335,2.24609,0.266495,10.97674,0.064749,0.291454,-0.022464,0.493621,
80.5,29.42286,54.81469,2.260595,0.24287,11.01827,0.021639,0.28013,0.02603,0.358824,
81,29.58386,54.74899,2.276492,0.212281,11.15809,0.160038,0.335893,-0.01008,0.542954,
81.5,29.31355,54.43985,2.277921,0.221864,11.09042,0.068165,0.323018,0.016539,0.577382,
82,29.43614,54.13631,2.313488,0.263168,11.24002,-0.003993,0.30943,-0.04634,0.564306,
82.5,29.44427,54.12283,2.322087,0.308907,11.16807,0.056116,0.369037,0.037224,0.585849,
83,29.31351,54.42122,2.36761,0.212407,11.14387,0.036372,0.340537,0.02377,0.593291,
83.5,29.33247,54.37022,2.330414,0.223919,11.05881,0.063177,0.345696,0.009798,0.58219,
84,29.42351,54.62057,2.300204,0.221131,10.94468,0.134782,0.367157,-0.008495,0.518746,
84.5,29.46559,54.91819,2.423174,0.246199,10.75405,0.086406,0.364275,-0.014542,0.468295,
85,29.6569,54.7655,2.329602,0.173059,11.04787,0.008223,0.298379,-0.026835,0.494881,
85.5,29.38839,54.82026,2.280219,0.227061,11.09212,0.095464,0.304605,0.033468,0.367261,
86,29.47336,54.68591,2.277705,0.235031,11.1981,0.079567,0.315783,-0.023747,0.469808,
86.5,29.25746,54.51696,2.379589,0.194329,10.9565,0.125134,0.292838,0.002661,0.47468,
87,29.62279,54.48529,2.337542,0.292964,11.25549,0.15391,0.330913,-0.001664,0.436801,
87.5,29.61088,54.67012,2.287459,0.213858,11.16015,0.066529,0.293536,0.000841,0.50215,
88,29.59954,54.52178,2.299168,0.298075,11.09753,0.176796,0.345917,0.012503,0.541064,
88.5,29.5026,54.43801,2.347157,0.280367,11.09668,0.088952,0.339447,-0.052405,0.531939,
89,29.52143,54.8372,2.293773,0.213821,11.33267,0.012478,0.320907,-0.009809,0.521547,
89.5,29.47351,54.44678,2.316271,0.262625,11.07138,0.02992,0.29936,0.052188,0.455084,
90,29.60518,54.54282,2.30557,0.191338,11.11202,-0.033171,0.319243,0.03073,0.499573,
90.5,29.55024,54.65192,2.348079,0.166937,11.21994,0.082531,0.310406,0.027567,0.520353,
91,29.40464,54.36108,2.324996,0.203686,10.94751,0.048789,0.295032,-0.007903,0.456486,
91.5,29.51987,54.57553,2.277175,0.27743,11.08363,0.137108,0.304605,-0.03645,0.47592,
92,29.67501,54.53719,2.279004,0.257665,11.03511,0.078186,0.346414,-0.026979,0.546426,
92.5,29.62103,54.35247,2.326859,0.231707,11.07568,0.049872,0.23171,0.005681,0.538489,
93,29.617,54.37897,2.337739,0.230777,11.15984,-0.049042,0.379121,0.002094,0.527453,
93.5,29.33101,54.72112,2.344798,0.331127,11.15269,-0.021146,0.293556,0.005047,0.48249,
94,29.49357,54.61268,2.272027,0.179592,11.05684,0.066899,0.351955,0.006825,0.592692,
94.5,29.38703,54.699,2.227017,0.2405,11.08043,0.058355,0.356041,0.007885,0.459836,
95,29.73224,54.90002,2.286236,0.298232,11.18924,0.124781,0.316937,0.004192,0.47338,
95.5,29.52907,54.16728,2.28336,0.214291,11.23006,0.118969,0.310847,0.004435,0.507889,
96,29.53169,54.44558,2.368066,0.281337,11.52391,0.099887,0.296434,0.014617,0.443411,
96.5,29.52618,54.40558,2.284634,0.250087,11.09396,0.03037,0.329349,0.010369,0.441303,
97,29.56936,54.79789,2.333074,0.218724,10.96868,0.116284,0.340778,-0.010716,0.563308,
97.5,29.45251,54.4788,2.262188,0.249079,11.17973,0.095414,0.361145,-0.003316,0.493573,
98,29.46218,54.55969,2.311947,0.256119,11.06652,0.025801,0.29843,-0.004114,0.443664,
98.5,29.57861,54.54818,2.221063,0.266271,11.13747,0.013191,0.354719,-0.002814,0.509098,
99,29.52521,54.60571,2.242113,0.240974,11.02241,0.107099,0.350696,0.041319,0.473855,
99.5,29.54966,54.54125,2.263525,0.239597,11.21405,0.050417,0.396727,-0.009722,0.422086,
100,29.51244,54.88455,2.309758,0.268159,11.08831,0.144731,0.302107,-0.011136,0.429894,
100.5,29.48996,54.61495,2.20342,0.250638,11.13775,0.016955,0.254765,0.001039,0.434038,
101,29.80551,54.58075,2.279593,0.20393,11.23849,0.064332,0.307124,0.014738,0.452703,
101.5,29.78061,54.88473,2.282835,0.258655,11.1382,0.065533,0.29458,0.036139,0.411075,
102,29.67076,54.76826,2.123653,0.286892,11.09038,0.039256,0.228449,0.037694,0.491447,
102.5,29.58249,54.87124,2.216655,0.278273,11.13579,0.02159,0.265814,0.015297,0.412118,
103,29.75314,55.01788,2.217464,0.203486,10.98209,0.146765,0.275718,-0.014018,0.469118,
103.5,29.56108,54.83031,2.291425,0.248548,10.97308,0.125363,0.184952,-0.000351,0.372756,
104,29.72336,54.47787,2.288268,0.2805,11.01681,0.090047,0.255637,0.011786,0.455463,
104.5,29.76662,54.79152,2.214009,0.284263,11.27058,-0.018483,0.225613,-0.011331,0.427806,
105,29.73066,54.87614,2.264653,0.332142,11.03919,0.069459,0.26773,0.037082,0.402421,
105.5,29.52727,54.71697,2.258326,0.175951,11.17463,0.130844,0.215809,0.030227,0.395781,
106,29.59456,54.90189,2.282632,0.204458,11.02722,0.182454,0.345729,0.004318,0.511488,
106.5,29.52631,54.58022,2.290305,0.209411,11.20441,0.007028,0.325078,0.002128,0.422705,
107,29.77889,54.59176,2.161565,0.221795,11.11871,0.042299,0.247419,0.033814,0.40767,
107.5,29.59419,54.79606,2.186687,0.204654,11.02304,0.08001,0.317044,0.009812,0.482647,
108,29.81878,54.87562,2.193647,0.232124,11.08759,0.112077,0.206526,-0.001381,0.432342,
108.5,29.62774,54.71727,2.223113,0.249351,11.06767,0.096838,0.269873,0.022416,0.471556,
109,29.73187,54.80028,2.212928,0.249624,11.07187,0.003073,0.369339,0.036364,0.522787,
109.5,29.5697,54.72066,2.258416,0.211226,11.20359,0.046496,0.312731,0.036018,0.475275,
110,29.5813,54.80721,2.25065,0.242325,10.83076,0.106191,0.28819,-0.007153,0.436348,
110.5,29.56602,54.81206,2.204552,0.221923,11.03612,0.084449,0.278646,0.003069,0.473706,
111,29.73267,54.5755,2.211355,0.264186,10.97706,0.103671,0.300201,-0.015493,0.3676,
111.5,29.63673,54.89747,2.205835,0.272725,11.09961,0.022732,0.27061,0.013281,0.435432,
112,29.44191,54.75636,2.219831,0.251679,11.09096,0.007849,0.241384,0.034496,0.445022,
112.5,29.5869,55.12939,2.227241,0.200756,10.98104,0.055139,0.357399,-0.001224,0.401681,
113,29.61165,54.82982,2.161916,0.278011,11.06255,0.116647,0.334013,0.01249,0.51141,
113.5,29.61392,54.43149,2.313508,0.255286,11.07955,0.079873,0.324932,0.018715,0.45524,
114,29.75191,54.87594,2.19596,0.243562,11.20615,0.050633,0.325711,0.00645,0.434746,
114.5,29.51177,54.52601,2.290885,0.152563,11.16566,0.033113,0.310628,-0.007616,0.487071,
115,29.26434,54.39137,2.184571,0.262391,11.34338,0.047414,0.229144,-0.010467,0.461294,
115.5,29.56499,54.43642,2.300452,0.15807,11.19941,0.082964,0.350104,-0.006714,0.437699,
116,29.36621,54.63894,2.229659,0.166804,11.21091,-0.021856,0.336231,0.027761,0.504908,
116.5,29.51477,54.4824,2.318693,0.272907,11.04848,0.099869,0.336103,0.021682,0.456679,
117,29.63396,54.59567,2.231401,0.170026,11.21047,-0.053859,0.293749,0.018782,0.612518,
117.5,29.43649,54.52836,2.301067,0.302603,10.95646,0.014642,0.289739,-0.004814,0.463109,
118,29.88126,54.36818,2.281993,0.286291,10.90981,0.101536,0.274095,0.000183,0.455023,
118.5,29.99647,54.72757,2.242682,0.216418,10.79928,0.164339,0.333436,-0.016197,0.508511,
119,29.78231,54.80043,2.252576,0.242909,10.53797,0.055309,0.277094,-0.01648,0.485142,
119.5,30.40056,54.73962,2.097987,0.224409,10.66429,0.163021,0.205451,0.011397,0.493021,
120,30.31158,55.07209,2.089339,0.214485,10.30264,0.060314,0.336406,-0.000216,0.531408,
120.5,30.49672,55.10725,1.937332,0.286657,10.19079,0.014527,0.288704,-0.017047,0.408869,
121,30.53366,55.19899,1.948714,0.187356,10.43008,0.063228,0.264541,-0.01849,0.54319,
121.5,30.23536,55.00531,1.887734,0.240398,10.26236,-0.027214,0.249796,-0.003792,0.581656,
122,30.72194,55.21446,1.995768,0.230564,10.30444,0.18442,0.22116,-0.014783,0.44837,
122.5,30.54316,55.30117,1.978544,0.253043,10.1353,0.045765,0.201954,-0.006549,0.517348,
123,30.80041,55.12182,2.003155,0.203363,10.30511,0.118126,0.230696,0.002007,0.543666,
123.5,30.65933,55.46385,1.93421,0.284267,10.3737,0.142167,0.23973,0.007545,0.601146,
124,30.60819,55.05804,1.998376,0.150759,10.42786,0.180108,0.210133,0.008996,0.52927,
124.5,30.32753,55.15928,1.928559,0.228384,10.43215,0.027953,0.295678,-0.007668,0.518432,
125,30.17327,54.97555,2.082373,0.229726,10.45255,0.11367,0.286761,0.018327,0.532231,
125.5,29.1828,54.83922,2.59576,0.275625,10.66927,-0.016716,0.41946,-0.008353,0.479426,
126,26.90409,54.26569,3.642747,0.234353,10.80085,-0.0216,0.534297,0.064516,0.477797,
126.5,20.35441,51.62709,7.17759,0.157741,10.56157,0.081715,1.175762,0.137453,0.332573,
127,11.71907,49.60876,9.666098,0.189342,9.250525,0.059613,1.672918,0.30186,0.12026,
127.5,8.151958,48.63695,9.794538,0.192189,9.201645,-0.020545,1.873371,0.418472,0.043889,
128,6.689888,48.76519,9.973651,0.240521,9.767355,0.075516,2.065139,0.413935,0.021768,
128.5,6.27128,49.04025,10.31816,0.162314,10.19737,-0.006443,2.138079,0.35554,0.068944,
129,6.130151,49.17033,10.36533,0.130518,10.5151,-0.018434,2.155019,0.406667,-0.036441,
129.5,6.199547,49.03031,10.282,0.163212,10.77445,0.03241,2.177946,0.421788,0.026952,
130,6.255589,48.98531,10.40994,0.183614,10.61495,0.044933,2.176307,0.392087,0.085064,
130.5,6.519623,49.04982,10.52675,0.157455,10.7261,0.018489,2.198872,0.353457,0.083933,
131,6.240711,48.90153,10.4029,0.153913,10.94657,-0.070334,2.141644,0.360353,-0.049215,
131.5,6.4473,48.66727,10.49938,0.17103,11.01289,0.012698,2.173663,0.315979,0.021116,
132,6.505288,49.13564,10.53728,0.217514,11.08183,0.05251,2.191427,0.324442,0.058133,
132.5,6.494171,48.94005,10.57101,0.230794,11.07994,0.022913,2.168622,0.37234,0.042335,
133,6.658308,49.11491,10.54712,0.166661,10.93543,0.071035,2.148154,0.328422,0.036153,
