Distance (µm),Al Ox%,Mg Ox%,Si Ox%,Ca Ox%,Ti Ox%,Cr Ox%,Mn Ox%,Fe Ox%,
0,1.635612,29.31656,54.86996,2.258748,0.32452,0.334686,0.279854,10.98005,
2.00000000000003,1.668619,29.36327,54.99109,2.222965,0.240101,0.392485,0.195682,10.92579,
3.99999999999999,1.529661,29.56847,54.87474,2.233105,0.315679,0.425212,0.277123,10.77601,
6.00000000000003,1.497618,29.40432,54.94565,2.241191,0.276615,0.278778,0.250566,11.10526,
7.99999999999999,1.46545,29.56223,55.10131,2.196549,0.242956,0.364923,0.196309,10.87026,
10,1.556906,29.58597,54.87725,2.226456,0.200525,0.377302,0.252865,10.92273,
12,1.516445,29.41208,55.00901,2.278786,0.261373,0.402468,0.249455,10.87039,
14,1.610951,29.39962,55.00001,2.260694,0.291173,0.314313,0.201632,10.92161,
16,1.595192,29.54288,54.83441,2.223003,0.182242,0.319706,0.279455,11.02312,
18,1.520769,29.45306,54.92193,2.21159,0.288646,0.343145,0.241556,11.0193,
20,1.610047,29.53433,54.73293,2.275211,0.272307,0.351999,0.255841,10.96733,
22,1.585533,29.67713,54.78589,2.257283,0.234451,0.388557,0.240669,10.83048,
24,1.522711,29.4645,54.87621,2.2888,0.228501,0.376366,0.196188,11.04673,
26,1.620342,29.33222,54.98636,2.22401,0.252729,0.252588,0.251019,11.08073,
28,1.629471,29.46164,55.01292,2.232248,0.254822,0.396687,0.170306,10.8419,
30,1.540311,29.47918,54.92129,2.19262,0.256198,0.362677,0.253662,10.99407,
32,1.551989,29.45566,54.98577,2.262062,0.273336,0.322554,0.178602,10.97003,
34,1.534348,29.38677,54.93359,2.245115,0.223276,0.377559,0.252094,11.04725,
36,1.569418,29.46703,54.76618,2.203249,0.240012,0.33591,0.239033,11.17916,
38,1.495051,29.45998,55.13428,2.230141,0.27125,0.273904,0.25123,10.88415,
40,1.466134,29.55116,55.0648,2.235384,0.223398,0.292699,0.253591,10.91284,
42,1.464261,29.32395,55.30158,2.198917,0.178441,0.333193,0.200923,10.99874,
44,1.425529,29.58398,55.24249,2.196665,0.211951,0.327907,0.186134,10.82535,
46,1.526753,29.53563,55.00569,2.231581,0.243274,0.34701,0.246613,10.86344,
48,1.40654,29.63862,54.90068,2.21734,0.211698,0.390353,0.217983,11.01679,
50,1.481979,29.49614,55.25445,2.143548,0.223512,0.3327,0.308551,10.75911,
52,1.428759,29.51755,55.1309,2.260004,0.239955,0.356249,0.259846,10.80674,
54,1.48956,29.54814,55.11186,2.253678,0.295456,0.218075,0.19154,10.89169,
56,1.47899,29.64317,55.05143,2.233476,0.248929,0.382829,0.214714,10.74646,
58,1.460433,29.61941,55.05139,2.216278,0.191949,0.278615,0.264258,10.91765,
60,1.472182,29.65899,55.00782,2.221965,0.231856,0.305254,0.278518,10.82341,
62,1.430075,29.6159,55.14153,2.215639,0.221049,0.278778,0.257087,10.83994,
64,1.598119,29.42585,55.19691,2.188933,0.236321,0.292024,0.279535,10.78232,
66,1.491525,29.80084,54.93546,2.266142,0.271684,0.319092,0.182697,10.73257,
68,1.513867,29.75746,55.01686,2.155752,0.226693,0.278431,0.213337,10.8376,
70,1.505425,29.61472,55.09822,2.155831,0.205489,0.312993,0.154932,10.9524,
72,1.53467,29.71238,54.98255,2.212094,0.258923,0.327751,0.222802,10.74883,
74,1.6072,29.50897,54.86606,2.219449,0.226109,0.369894,0.310408,10.89192,
76,1.624698,29.51817,54.9047,2.234287,0.272484,0.338263,0.231244,10.87616,
78,1.706961,29.51429,54.92334,2.15338,0.310146,0.409148,0.283111,10.69962,
80,1.755763,29.51632,54.7358,2.187903,0.210603,0.447456,0.287072,10.85907,
82,1.700994,29.48927,54.83976,2.264549,0.289007,0.376573,0.179844,10.86001,
84,1.661664,29.58041,54.78299,2.194296,0.295906,0.369171,0.290452,10.82512,
86,1.586552,29.56716,54.95474,2.189687,0.233286,0.324468,0.274611,10.8695,
88,1.614875,29.4626,54.97512,2.218249,0.255927,0.350965,0.209908,10.91237,
90,1.619224,29.50457,54.82149,2.246991,0.208235,0.391649,0.274477,10.93336,
92,1.615914,29.49253,54.82289,2.207956,0.311585,0.334614,0.339686,10.87482,
94,1.581653,29.61754,54.854,2.235532,0.260656,0.350252,0.243206,10.85715,
96,1.686476,29.47699,55.11231,2.209801,0.261379,0.316923,0.211469,10.72466,
98,1.52454,29.66403,54.98891,2.219597,0.242883,0.3311,0.295587,10.73335,
100,1.530862,29.51963,54.99881,2.206141,0.233747,0.381708,0.252141,10.87696,
102,1.58064,29.4541,55.0088,2.233975,0.278266,0.299527,0.253664,10.89103,
104,1.592677,29.55833,54.88192,2.217959,0.272146,0.415498,0.156025,10.90545,
106,1.612133,29.57091,54.98355,2.327812,0.214945,0.329263,0.222616,10.73876,
108,1.616449,29.38951,55.00128,2.206185,0.27384,0.36406,0.255346,10.89332,
110,1.641574,29.41186,55.04266,2.219502,0.236689,0.342858,0.242187,10.86267,
112,1.756307,29.49935,54.75775,2.287403,0.243076,0.496262,0.22627,10.73358,
114,1.589426,29.60304,54.92912,2.24249,0.244915,0.35704,0.281514,10.75246,
116,1.673339,29.65383,54.67054,2.237077,0.197759,0.349571,0.242731,10.97515,
118,1.728296,29.52568,54.82232,2.179655,0.284751,0.41264,0.289204,10.75746,
120,1.674112,29.44176,55.0177,2.328129,0.237777,0.318077,0.234332,10.74811,
122,1.74806,29.4437,54.70965,2.278783,0.337353,0.41912,0.270288,10.79305,
124,1.587428,29.44632,54.82866,2.30375,0.313366,0.35388,0.304491,10.86211,
126,1.631027,29.43994,54.88388,2.256402,0.341024,0.407106,0.239465,10.80115,
128,1.633773,29.63276,54.72535,2.137588,0.213611,0.428906,0.244231,10.98378,
130,1.664246,29.55943,54.90872,2.288002,0.280764,0.3478,0.217444,10.73359,
132,1.608629,29.60425,54.97026,2.238451,0.273215,0.319976,0.239284,10.74593,
134,1.686737,29.50133,54.71951,2.287537,0.364375,0.468696,0.274423,10.69739,
136,1.692943,29.45008,55.11853,2.252239,0.262451,0.33309,0.188964,10.70171,
138,1.508086,29.65623,54.92559,2.218553,0.268154,0.286887,0.276791,10.85971,
140,1.678634,29.53719,54.95992,2.180677,0.281391,0.371919,0.238421,10.75185,
142,1.605653,29.74624,54.72367,2.226115,0.254843,0.394352,0.255628,10.79349,
144,1.672967,29.60086,54.87159,2.262223,0.31207,0.346496,0.232146,10.70164,
146,1.582734,29.54477,55.11403,2.26899,0.245146,0.403262,0.202226,10.63883,
148,1.562579,29.66306,55.09989,2.254803,0.207129,0.367219,0.216609,10.62871,
150,1.572741,29.66535,55.04239,2.214969,0.270123,0.373509,0.256927,10.60399,
152,1.744781,29.62414,55.05159,2.205386,0.319879,0.326824,0.226555,10.50085,
154,1.787889,29.64574,54.86094,2.240392,0.27183,0.413222,0.273287,10.50669,
156,1.964451,29.52529,54.67506,2.232691,0.358204,0.435664,0.197608,10.61103,
158,1.999364,29.40182,54.7047,2.263821,0.334994,0.448681,0.302293,10.54431,
160,2.039217,29.53565,54.62339,2.306715,0.338697,0.436005,0.245845,10.47448,
162,1.924458,29.71806,54.71355,2.252758,0.363523,0.432494,0.275362,10.31981,
164,2.020141,29.81432,54.65535,2.250852,0.353304,0.517202,0.172313,10.21651,
166,1.989526,29.78437,54.50068,2.363676,0.309589,0.47985,0.236101,10.33621,
168,2.047933,29.64914,54.50592,2.416101,0.285366,0.575619,0.204215,10.3157,
170,2.013868,29.73414,54.65135,2.309994,0.269093,0.616708,0.279336,10.12552,
172,1.872326,30.09828,54.74806,2.106546,0.297919,0.685401,0.157012,10.03445,
174,1.784987,30.30848,54.95,1.846571,0.220775,0.554674,0.22065,10.11387,
176,1.939445,30.02296,54.93886,1.983449,0.293923,0.582339,0.223549,10.01547,
178,1.763808,30.14695,54.88189,2.208193,0.226298,0.54722,0.093376,10.13227,
180,1.60891,30.02925,55.19545,2.264145,0.151226,0.562437,0.249841,9.938745,
182,1.461122,30.07697,55.47088,2.257776,0.18456,0.453335,0.210361,9.884988,
184,1.629897,30.08298,55.17751,2.215912,0.16927,0.544287,0.232478,9.947673,
186,1.709963,29.94644,55.26932,2.222262,0.157474,0.605037,0.199396,9.890117,
188,1.802638,29.95607,55.01885,2.256879,0.202705,0.600353,0.187793,9.974715,
190,1.940881,29.9958,54.66813,2.308268,0.211814,0.539408,0.279328,10.05637,
192,1.708456,29.89454,55.18911,2.285502,0.263434,0.53288,0.261446,9.864631,
194,1.951962,29.52135,55.00679,2.371931,0.284582,0.640643,0.272536,9.950207,
196,2.179529,29.35547,54.88548,2.395893,0.299893,0.678249,0.225486,9.979991,
198,2.053022,29.69379,54.67175,2.456953,0.238613,0.709217,0.239848,9.936802,
200,2.102857,29.48019,54.83593,2.455635,0.358891,0.609475,0.210805,9.946216,
202,2.154426,29.64628,54.57529,2.482708,0.269029,0.665027,0.219972,9.987264,
204,2.155147,29.5663,54.54125,2.425532,0.31954,0.788937,0.229938,9.973361,
206,2.300883,29.57688,54.44916,2.426283,0.317766,0.622555,0.254287,10.0522,
208,2.157682,29.56591,54.67818,2.397742,0.317676,0.54961,0.182201,10.15101,
210,2.053742,29.56379,54.87264,2.258379,0.242616,0.584219,0.298424,10.1262,
212,1.998217,29.92703,54.73386,2.250417,0.204012,0.595635,0.233882,10.05696,
214,2.084522,29.84514,54.93167,2.303465,0.26818,0.438192,0.200643,9.92819,
216,1.931276,29.66538,55.05527,2.268001,0.283051,0.520294,0.284632,9.992092,
218,1.927894,29.85427,54.95109,2.256133,0.249892,0.524017,0.249481,9.987232,
220,1.913942,29.65869,54.97824,2.318599,0.270088,0.547419,0.255633,10.05738,
222,2.066815,29.68715,54.76614,2.261408,0.23032,0.581283,0.219699,10.18719,
224,1.980639,29.93803,54.77083,2.289246,0.223278,0.557188,0.181214,10.05958,
226,1.934484,29.97063,54.79766,2.294767,0.238174,0.510445,0.205788,10.04806,
228,1.980675,29.95541,55.08024,2.246675,0.244532,0.544009,0.183985,9.764471,
230,1.839061,30.00294,55.03484,2.286941,0.167405,0.533429,0.234714,9.900675,
232,1.70516,30.20987,55.05654,2.192362,0.203333,0.431067,0.258788,9.94288,
234,1.594704,30.01376,55.40994,2.252638,0.227798,0.414033,0.130261,9.956874,
236,1.686323,30.01658,55.27888,2.259853,0.213899,0.48428,0.238617,9.821562,
238,1.673442,30.08772,55.19424,2.241325,0.166349,0.494814,0.221432,9.920684,
240,1.567163,30.05156,55.3774,2.182342,0.25564,0.446896,0.285641,9.833367,
242,1.51592,30.22898,55.51964,2.200407,0.165238,0.401878,0.149093,9.818838,
244,1.506829,30.31611,55.16298,2.244112,0.181885,0.414408,0.254098,9.919578,
246,1.99534,29.32984,54.79274,2.277157,0.32017,0.437027,0.217521,10.63019,
248,2.047049,28.77446,54.70432,2.340357,0.382601,0.343437,0.214192,11.19359,
250,1.962599,28.35806,54.26794,2.361411,0.338202,0.222921,0.266978,12.22188,
252,1.981162,28.03973,54.34369,2.438589,0.321688,0.230189,0.228942,12.41602,
254,2.069497,27.62376,54.22249,2.648876,0.372374,0.126601,0.295709,12.6407,
256,2.091586,27.5306,54.03384,2.679336,0.434471,0.17203,0.275806,12.78231,
258,2.021994,27.74524,54.25546,2.54411,0.333176,0.26057,0.321431,12.51802,
260,2.081263,27.30616,53.96148,2.858762,0.403924,0.204236,0.183513,13.00066,
262,2.933364,25.93394,53.54119,3.313706,0.598092,0.124289,0.25079,13.30464,
264,13.05684,8.044151,53.52269,9.996055,2.357609,0.0607,0.216392,12.74557,
266,13.84769,6.380942,53.83475,10.51094,2.52336,0.086702,0.240855,12.57476,
268,14.2105,6.217681,53.82616,10.54905,2.48822,0.002039,0.226238,12.48011,
270,13.89453,6.254239,54.26627,10.41339,2.403603,0.062767,0.170158,12.53505,
